<?xml version="1.0" encoding="UTF-8"?>
<root response="True">
<movie imdbID="tt0479997" title="Season of the Witch">
<actors> Nicolas Cage </actors>
<actors> Ron Perlman </actors>
<actors> Stephen Campbell Moore </actors>
<actors> Stephen Graham </actors>
<director> Dominic Sena </director>
<writer> Bragi F. Schut </writer>
<genre> Action </genre>
<genre> Adventure </genre>
<genre> Fantasy </genre>
<info>
<country> USA </country>
<released> 07 Jan 2011 </released>
<year> 2011 </year>
<runtime> 95 min </runtime>
</info>
<rating>
<metascore> 28 </metascore>
<imdbRating> 5.4 </imdbRating>
<imdbVotes> 76192 </imdbVotes>
</rating>
</movie>
<movie imdbID="tt1555064" title="Country Strong">
<actors> Gwyneth Paltrow </actors>
<actors> Tim McGraw </actors>
<actors> Garrett Hedlund </actors>
<actors> Leighton Meester </actors>
<director> Shana Feste </director>
<writer> Shana Feste </writer>
<genre> Drama </genre>
<genre> Music </genre>
<info>
<country> USA </country>
<released> 07 Jan 2011 </released>
<year> 2010 </year>
<runtime> 117 min </runtime>
</info>
<rating>
<metascore> 45 </metascore>
<imdbRating> 6.3 </imdbRating>
<imdbVotes> 14740 </imdbVotes>
</rating>
</movie>
<movie imdbID="tt0990407" title="The Green Hornet">
<actors> Seth Rogen </actors>
<actors> Jay Chou </actors>
<actors> Cameron Diaz </actors>
<actors> Tom Wilkinson </actors>
<director> Michel Gondry </director>
<writer> Seth Rogen </writer>
<writer> Evan Goldberg </writer>
<writer> George W. Trendle (radio series &amp;quot;The Green Hornet&amp;quot;) </writer>
<genre> Action </genre>
<genre> Comedy </genre>
<genre> Crime </genre>
<info>
<country> USA </country>
<released> 14 Jan 2011 </released>
<year> 2011 </year>
<runtime> 119 min </runtime>
</info>
<rating>
<metascore> 39 </metascore>
<imdbRating> 5.8 </imdbRating>
<imdbVotes> 135728 </imdbVotes>
</rating>
</movie>
<movie imdbID="tt1578275" title="The Dilemma">
<actors> Vince Vaughn </actors>
<actors> Kevin James </actors>
<actors> Jennifer Connelly </actors>
<actors> Winona Ryder </actors>
<director> Ron Howard </director>
<writer> Allan Loeb </writer>
<genre> Comedy </genre>
<genre> Drama </genre>
<info>
<country> USA </country>
<released> 14 Jan 2011 </released>
<year> 2011 </year>
<runtime> 111 min </runtime>
</info>
<rating>
<metascore> 46 </metascore>
<imdbRating> 5.3 </imdbRating>
<imdbVotes> 43647 </imdbVotes>
</rating>
</movie>
<movie imdbID="tt1423894" title="Barney's Version">
<actors> Paul Giamatti </actors>
<actors> Macha Grenon </actors>
<actors> Paul Gross </actors>
<actors> Atom Egoyan </actors>
<director> Richard J. Lewis </director>
<writer> Mordecai Richler (novel) </writer>
<writer> Michael Konyves (screenplay) </writer>
<genre> Comedy </genre>
<genre> Drama </genre>
<info>
<country> Canada </country>
<country> Italy </country>
<released> 18 Feb 2011 </released>
<year> 2010 </year>
<runtime> 134 min </runtime>
</info>
<rating>
<metascore> 67 </metascore>
<imdbRating> 7.3 </imdbRating>
<imdbVotes> 21086 </imdbVotes>
</rating>
</movie>
<movie imdbID="tt1653690" title="Ong-bak 3">
<actors> Tony Jaa </actors>
<actors> Primorata Dejudom </actors>
<actors> Dan Chupong </actors>
<actors> Nirut Sirichanya </actors>
<director> Tony Jaa </director>
<director> Panna Rittikrai </director>
<writer> Tony Jaa (story and screenplay) </writer>
<writer> Panna Rittikrai (story and screenplay) </writer>
<genre> Action </genre>
<info>
<country> Thailand </country>
<released> 14 Jan 2011 </released>
<year> 2010 </year>
<runtime> 99 min </runtime>
</info>
<rating>
<metascore> 38 </metascore>
<imdbRating> 4.9 </imdbRating>
<imdbVotes> 10441 </imdbVotes>
</rating>
</movie>
<movie imdbID="tt1386683" title="A Somewhat Gentle Man">
<actors> Stellan Skarsgård </actors>
<actors> Jorunn Kjellsby </actors>
<actors> Bjørn Floberg </actors>
<actors> Gard B. Eidsvold </actors>
<director> Hans Petter Moland </director>
<writer> Kim Fupz Aakeson (screenplay) </writer>
<genre> Comedy </genre>
<genre> Crime </genre>
<genre> Drama </genre>
<info>
<country> Norway </country>
<released> 19 Mar 2010 </released>
<year> 2010 </year>
<runtime> 113 min </runtime>
</info>
<rating>
<metascore> 68 </metascore>
<imdbRating> 7.0 </imdbRating>
<imdbVotes> 5134 </imdbVotes>
</rating>
</movie>
<movie imdbID="tt1172991" title="The Company Men">
<actors> Ben Affleck </actors>
<actors> Tommy Lee Jones </actors>
<actors> Chris Cooper </actors>
<actors> Suzanne Rico </actors>
<director> John Wells </director>
<writer> John Wells </writer>
<genre> Drama </genre>
<info>
<country> UK </country>
<country> USA </country>
<released> 11 Feb 2011 </released>
<year> 2010 </year>
<runtime> 104 min </runtime>
</info>
<rating>
<metascore> 69 </metascore>
<imdbRating> 6.8 </imdbRating>
<imdbVotes> 36684 </imdbVotes>
</rating>
</movie>
<movie imdbID="tt1411238" title="No Strings Attached">
<actors> Natalie Portman </actors>
<actors> Ashton Kutcher </actors>
<actors> Kevin Kline </actors>
<actors> Cary Elwes </actors>
<director> Ivan Reitman </director>
<writer> Elizabeth Meriwether (screenplay) </writer>
<writer> Michael Samonek (story) </writer>
<writer> Elizabeth Meriwether (story) </writer>
<genre> Comedy </genre>
<genre> Romance </genre>
<info>
<country> USA </country>
<released> 21 Jan 2011 </released>
<year> 2011 </year>
<runtime> 108 min </runtime>
</info>
<rating>
<metascore> 50 </metascore>
<imdbRating> 6.2 </imdbRating>
<imdbVotes> 168529 </imdbVotes>
</rating>
</movie>
<movie imdbID="tt1023114" title="The Way Back">
<actors> Dragos Bucur </actors>
<actors> Colin Farrell </actors>
<actors> Ed Harris </actors>
<actors> Alexandru Potocean </actors>
<director> Peter Weir </director>
<writer> Keith R. Clarke (screenplay) </writer>
<writer> Slavomir Rawicz (novel) </writer>
<writer> Peter Weir (screenplay) </writer>
<genre> Adventure </genre>
<genre> Biography </genre>
<genre> Drama </genre>
<info>
<country> USA </country>
<country> United Arab Emirates </country>
<country> Poland </country>
<released> 21 Jan 2011 </released>
<year> 2010 </year>
<runtime> 133 min </runtime>
</info>
<rating>
<metascore> 66 </metascore>
<imdbRating> 7.3 </imdbRating>
<imdbVotes> 87122 </imdbVotes>
</rating>
</movie>
<movie imdbID="tt0472399" title="The Mechanic">
<actors> Jason Statham </actors>
<actors> Ben Foster </actors>
<actors> Tony Goldwyn </actors>
<actors> Donald Sutherland </actors>
<director> Simon West </director>
<writer> Richard Wenk (screenplay) </writer>
<writer> Lewis John Carlino (screenplay) </writer>
<writer> Lewis John Carlino (story) </writer>
<genre> Action </genre>
<genre> Crime </genre>
<genre> Thriller </genre>
<info>
<country> USA </country>
<released> 28 Jan 2011 </released>
<year> 2011 </year>
<runtime> 93 min </runtime>
</info>
<rating>
<metascore> 49 </metascore>
<imdbRating> 6.6 </imdbRating>
<imdbVotes> 117608 </imdbVotes>
</rating>
</movie>
<movie imdbID="tt1161864" title="The Rite">
<actors> Anthony Hopkins </actors>
<actors> Colin O'Donoghue </actors>
<actors> Alice Braga </actors>
<actors> Ciarán Hinds </actors>
<director> Mikael Håfström </director>
<writer> Michael Petroni </writer>
<writer> Matt Baglio (book) </writer>
<genre> Drama </genre>
<genre> Horror </genre>
<genre> Mystery </genre>
<info>
<country> USA </country>
<country> Hungary </country>
<country> Italy </country>
<released> 28 Jan 2011 </released>
<year> 2011 </year>
<runtime> 114 min </runtime>
</info>
<rating>
<metascore> 38 </metascore>
<imdbRating> 6.0 </imdbRating>
<imdbVotes> 75743 </imdbVotes>
</rating>
</movie>
<movie imdbID="tt1164999" title="Biutiful">
<actors> Javier Bardem </actors>
<actors> Maricel Álvarez </actors>
<actors> Hanaa Bouchaib </actors>
<actors> Guillermo Estrella </actors>
<director> Alejandro G. Iñárritu </director>
<writer> Alejandro G. Iñárritu (screenplay) </writer>
<writer> Alejandro G. Iñárritu (based on a story by) </writer>
<writer> Nicolás Giacobone (screenplay) </writer>
<writer> Armando Bo (screenplay) </writer>
<genre> Drama </genre>
<info>
<country> Mexico </country>
<country> Spain </country>
<released> 04 Feb 2011 </released>
<year> 2010 </year>
<runtime> 148 min </runtime>
</info>
<rating>
<metascore> 58 </metascore>
<imdbRating> 7.5 </imdbRating>
<imdbVotes> 68415 </imdbVotes>
</rating>
</movie>
<movie imdbID="tt0893412" title="From Prada to Nada">
<actors> Camilla Belle </actors>
<actors> Alexa PenaVega </actors>
<actors> Tina French </actors>
<actors> Luis Rosales </actors>
<director> Angel Gracia </director>
<writer> Fina Torres (screenplay) </writer>
<writer> Luis Alfaro (screenplay) </writer>
<writer> Craig Fernandez (screenplay) </writer>
<writer> Jane Austen (novel) </writer>
<genre> Comedy </genre>
<genre> Drama </genre>
<genre> Romance </genre>
<info>
<country> Mexico </country>
<country> USA </country>
<released> 28 Jan 2011 </released>
<year> 2011 </year>
<runtime> 107 min </runtime>
</info>
<rating>
<metascore> 39 </metascore>
<imdbRating> 5.5 </imdbRating>
<imdbVotes> 11914 </imdbVotes>
</rating>
</movie>
<movie imdbID="tt1523483" title="Kaboom">
<actors> Thomas Dekker </actors>
<actors> Haley Bennett </actors>
<actors> Chris Zylka </actors>
<actors> Roxane Mesquida </actors>
<director> Gregg Araki </director>
<writer> Gregg Araki (screenplay) </writer>
<genre> Comedy </genre>
<genre> Mystery </genre>
<genre> Sci-Fi </genre>
<info>
<country> USA </country>
<country> France </country>
<released> 06 Oct 2010 </released>
<year> 2010 </year>
<runtime> 86 min </runtime>
</info>
<rating>
<metascore> 64 </metascore>
<imdbRating> 5.7 </imdbRating>
<imdbVotes> 10499 </imdbVotes>
</rating>
</movie>
<movie imdbID="tt0881320" title="Sanctum">
<actors> Richard Roxburgh </actors>
<actors> Ioan Gruffudd </actors>
<actors> Rhys Wakefield </actors>
<actors> Alice Parkinson </actors>
<director> Alister Grierson </director>
<writer> John Garvin </writer>
<writer> Andrew Wight </writer>
<writer> Andrew Wight (story) </writer>
<genre> Adventure </genre>
<genre> Drama </genre>
<genre> Thriller </genre>
<info>
<country> USA </country>
<country> Australia </country>
<released> 04 Feb 2011 </released>
<year> 2011 </year>
<runtime> 108 min </runtime>
</info>
<rating>
<metascore> 42 </metascore>
<imdbRating> 5.9 </imdbRating>
<imdbVotes> 46953 </imdbVotes>
</rating>
</movie>
<movie imdbID="tt1265990" title="The Roommate">
<actors> Leighton Meester </actors>
<actors> Minka Kelly </actors>
<actors> Cam Gigandet </actors>
<actors> Aly Michalka </actors>
<director> Christian E. Christiansen </director>
<writer> Sonny Mallhi </writer>
<genre> Drama </genre>
<genre> Horror </genre>
<genre> Thriller </genre>
<info>
<country> USA </country>
<released> 04 Feb 2011 </released>
<year> 2011 </year>
<runtime> 91 min </runtime>
</info>
<rating>
<metascore> 23 </metascore>
<imdbRating> 4.8 </imdbRating>
<imdbVotes> 29102 </imdbVotes>
</rating>
</movie>
<movie imdbID="tt1497874" title="Cold Weather">
<actors> Cris Lankenau </actors>
<actors> Trieste Kelly Dunn </actors>
<actors> Raúl Castillo </actors>
<actors> Robyn Rikoon </actors>
<director> Aaron Katz </director>
<writer> Aaron Katz (story) </writer>
<writer> Brendan McFadden (story) </writer>
<writer> Ben Stambler (story) </writer>
<writer> Aaron Katz </writer>
<genre> Comedy </genre>
<genre> Drama </genre>
<genre> Mystery </genre>
<info>
<country> USA </country>
<released> 15 Apr 2011 </released>
<year> 2010 </year>
<runtime> 96 min </runtime>
</info>
<rating>
<metascore> 64 </metascore>
<imdbRating> 6.2 </imdbRating>
<imdbVotes> 1903 </imdbVotes>
</rating>
</movie>
<movie imdbID="tt1032825" title="Love and Other Impossible Pursuits">
<actors> Natalie Portman </actors>
<actors> Scott Cohen </actors>
<actors> Lisa Kudrow </actors>
<actors> Charlie Tahan </actors>
<director> Don Roos </director>
<writer> Don Roos (screenplay) </writer>
<writer> Ayelet Waldman (novel) </writer>
<genre> Drama </genre>
<info>
<country> USA </country>
<released> 28 Oct 2010 </released>
<year> 2009 </year>
<runtime> 102 min </runtime>
</info>
<rating>
<metascore> 37 </metascore>
<imdbRating> 6.4 </imdbRating>
<imdbVotes> 15474 </imdbVotes>
</rating>
</movie>
<movie imdbID="tt1564367" title="Just Go with It">
<actors> Adam Sandler </actors>
<actors> Jennifer Aniston </actors>
<actors> Nicole Kidman </actors>
<actors> Nick Swardson </actors>
<director> Dennis Dugan </director>
<writer> Allan Loeb (screenplay) </writer>
<writer> Timothy Dowling (screenplay) </writer>
<writer> I.A.L. Diamond (screenplay) </writer>
<writer> Abe Burrows (stage play) </writer>
<writer> Pierre Barillet (French play) </writer>
<writer> Jean-Pierre Grédy (French play) </writer>
<genre> Comedy </genre>
<genre> Romance </genre>
<info>
<country> USA </country>
<released> 11 Feb 2011 </released>
<year> 2011 </year>
<runtime> 117 min </runtime>
</info>
<rating>
<metascore> 33 </metascore>
<imdbRating> 6.4 </imdbRating>
<imdbVotes> 172390 </imdbVotes>
</rating>
</movie>
<movie imdbID="tt0377981" title="Gnomeo &amp; Juliet">
<actors> James McAvoy </actors>
<actors> Emily Blunt </actors>
<actors> Ashley Jensen </actors>
<actors> Michael Caine </actors>
<director> Kelly Asbury </director>
<writer> Rob Sprackling (story) </writer>
<writer> John R. Smith (story) </writer>
<writer> Andy Riley (story) </writer>
<writer> Kevin Cecil (story) </writer>
<writer> Kelly Asbury (story) </writer>
<writer> Steve Hamilton Shaw (story) </writer>
<writer> Andy Riley (screenplay) </writer>
<writer> Kevin Cecil (screenplay) </writer>
<writer> Mark Burton (screenplay) </writer>
<writer> Emily Cook (screenplay) </writer>
<writer> Kathy Greenberg (screenplay) </writer>
<writer> Steve Hamilton Shaw (screenplay) </writer>
<writer> Kelly Asbury (screenplay) </writer>
<writer> Rob Sprackling (original screenplay) </writer>
<writer> John R. Smith (original screenplay) </writer>
<writer> William Shakespeare (play) </writer>
<genre> Animation </genre>
<genre> Comedy </genre>
<genre> Family </genre>
<info>
<country> UK </country>
<country> USA </country>
<released> 11 Feb 2011 </released>
<year> 2011 </year>
<runtime> 84 min </runtime>
</info>
<rating>
<metascore> 53 </metascore>
<imdbRating> 6.0 </imdbRating>
<imdbVotes> 42493 </imdbVotes>
</rating>
</movie>
<movie imdbID="tt1477837" title="Cedar Rapids">
<actors> Ed Helms </actors>
<actors> John C. Reilly </actors>
<actors> Anne Heche </actors>
<actors> Isiah Whitlock Jr. </actors>
<director> Miguel Arteta </director>
<writer> Phil Johnston </writer>
<genre> Comedy </genre>
<info>
<country> USA </country>
<released> 18 Mar 2011 </released>
<year> 2011 </year>
<runtime> 87 min </runtime>
</info>
<rating>
<metascore> 70 </metascore>
<imdbRating> 6.3 </imdbRating>
<imdbVotes> 32597 </imdbVotes>
</rating>
</movie>
<movie imdbID="tt1034389" title="The Eagle">
<actors> Channing Tatum </actors>
<actors> István Göz </actors>
<actors> Bence Gerö </actors>
<actors> Denis O'Hare </actors>
<director> Kevin Macdonald </director>
<writer> Jeremy Brock (screenplay) </writer>
<writer> Rosemary Sutcliff (novel) </writer>
<genre> Action </genre>
<genre> Adventure </genre>
<genre> Drama </genre>
<info>
<country> UK </country>
<country> USA </country>
<released> 11 Feb 2011 </released>
<year> 2011 </year>
<runtime> 114 min </runtime>
</info>
<rating>
<metascore> 55 </metascore>
<imdbRating> 6.2 </imdbRating>
<imdbVotes> 53566 </imdbVotes>
</rating>
</movie>
<movie imdbID="tt1702443" title="Justin Bieber: Never Say Never">
<actors> Justin Bieber </actors>
<actors> Boys II Men </actors>
<actors> Miley Cyrus </actors>
<actors> Sean Kingston </actors>
<director> Jon M. Chu </director>
<writer> N/A </writer>
<genre> Documentary </genre>
<genre> Music </genre>
<info>
<country> USA </country>
<released> 11 Feb 2011 </released>
<year> 2011 </year>
<runtime> 105 min </runtime>
</info>
<rating>
<metascore> 52 </metascore>
<imdbRating> 1.6 </imdbRating>
<imdbVotes> 74238 </imdbVotes>
</rating>
</movie>
<movie imdbID="tt1464540" title="I Am Number Four">
<actors> Alex Pettyfer </actors>
<actors> Timothy Olyphant </actors>
<actors> Teresa Palmer </actors>
<actors> Dianna Agron </actors>
<director> D.J. Caruso </director>
<writer> Alfred Gough (screenplay) </writer>
<writer> Miles Millar (screenplay) </writer>
<writer> Marti Noxon (screenplay) </writer>
<writer> Jobie Hughes (novel) </writer>
<writer> James Frey (novel) </writer>
<genre> Action </genre>
<genre> Adventure </genre>
<genre> Sci-Fi </genre>
<info>
<country> USA </country>
<released> 18 Feb 2011 </released>
<year> 2011 </year>
<runtime> 109 min </runtime>
</info>
<rating>
<metascore> 36 </metascore>
<imdbRating> 6.1 </imdbRating>
<imdbVotes> 194107 </imdbVotes>
</rating>
</movie>
<movie imdbID="tt1401152" title="Unknown">
<actors> Liam Neeson </actors>
<actors> Diane Kruger </actors>
<actors> January Jones </actors>
<actors> Aidan Quinn </actors>
<director> Jaume Collet-Serra </director>
<writer> Oliver Butcher (screenplay) </writer>
<writer> Stephen Cornwell (screenplay) </writer>
<writer> Didier Van Cauwelaert (novel) </writer>
<genre> Action </genre>
<genre> Mystery </genre>
<genre> Thriller </genre>
<info>
<country> UK </country>
<country> Germany </country>
<country> France </country>
<country> USA </country>
<released> 18 Feb 2011 </released>
<year> 2011 </year>
<runtime> 113 min </runtime>
</info>
<rating>
<metascore> 56 </metascore>
<imdbRating> 6.9 </imdbRating>
<imdbVotes> 210292 </imdbVotes>
</rating>
</movie>
<movie imdbID="tt1464174" title="Big Mommas: Like Father, Like Son">
<actors> Martin Lawrence </actors>
<actors> Brandon T. Jackson </actors>
<actors> Jessica Lucas </actors>
<actors> Michelle Ang </actors>
<director> John Whitesell </director>
<writer> Matt Fogel (screenplay) </writer>
<writer> Don Rhymer (story) </writer>
<writer> Matt Fogel (story) </writer>
<writer> Darryl Quarles (characters) </writer>
<genre> Action </genre>
<genre> Comedy </genre>
<genre> Crime </genre>
<info>
<country> USA </country>
<released> 18 Feb 2011 </released>
<year> 2011 </year>
<runtime> 107 min </runtime>
</info>
<rating>
<metascore> 22 </metascore>
<imdbRating> 4.4 </imdbRating>
<imdbVotes> 19644 </imdbVotes>
</rating>
</movie>
<movie imdbID="tt1452628" title="Vanishing on 7th Street">
<actors> Hayden Christensen </actors>
<actors> John Leguizamo </actors>
<actors> Thandie Newton </actors>
<actors> Jacob Latimore </actors>
<director> Brad Anderson </director>
<writer> Anthony Jaswinski </writer>
<genre> Horror </genre>
<genre> Mystery </genre>
<genre> Thriller </genre>
<info>
<country> USA </country>
<released> 05 Feb 2011 </released>
<year> 2010 </year>
<runtime> 92 min </runtime>
</info>
<rating>
<metascore> 50 </metascore>
<imdbRating> 4.9 </imdbRating>
<imdbVotes> 21878 </imdbVotes>
</rating>
</movie>
<movie imdbID="tt1741225" title="I Am">
<actors> Ray Anderson </actors>
<actors> Marc Ian Barasch </actors>
<actors> Coleman Barks </actors>
<actors> Noam Chomsky </actors>
<director> Tom Shadyac </director>
<writer> N/A </writer>
<genre> Documentary </genre>
<info>
<country> USA </country>
<released> 01 Feb 2011 </released>
<year> 2010 </year>
<runtime> 78 min </runtime>
</info>
<rating>
<metascore> 38 </metascore>
<imdbRating> 7.6 </imdbRating>
<imdbVotes> 2883 </imdbVotes>
</rating>
</movie>
<movie imdbID="tt1415269" title="Immigration Tango">
<actors> Elika Portnoy </actors>
<actors> McCaleb Burnett </actors>
<actors> Carlos Leon </actors>
<actors> Ashley Wolfe </actors>
<director> David Burton Morris </director>
<writer> Martin L. Kelley (screenplay) </writer>
<writer> Martin L. Kelley (story) </writer>
<writer> Robert J. Lee (screenplay) </writer>
<writer> Robert J. Lee (story) </writer>
<writer> Todd Norwood (screenplay) </writer>
<writer> Elika Portnoy (screenplay) </writer>
<genre> Comedy </genre>
<info>
<country> USA </country>
<released> N/A </released>
<year> 2010 </year>
<runtime> 92 min </runtime>
</info>
<rating>
<metascore> 28 </metascore>
<imdbRating> 3.3 </imdbRating>
<imdbVotes> 270 </imdbVotes>
</rating>
</movie>
<movie imdbID="tt1422032" title="Even the Rain">
<actors> Luis Tosar </actors>
<actors> Gael García Bernal </actors>
<actors> Juan Carlos Aduviri </actors>
<actors> Karra Elejalde </actors>
<director> Icíar Bollaín </director>
<writer> Paul Laverty </writer>
<genre> Drama </genre>
<genre> History </genre>
<info>
<country> Spain </country>
<country> Mexico </country>
<country> France </country>
<released> 05 Jan 2011 </released>
<year> 2010 </year>
<runtime> 103 min </runtime>
</info>
<rating>
<metascore> 69 </metascore>
<imdbRating> 7.5 </imdbRating>
<imdbVotes> 9802 </imdbVotes>
</rating>
</movie>
<movie imdbID="tt1273241" title="Brotherhood">
<actors> Lou Taylor Pucci </actors>
<actors> Trevor Morgan </actors>
<actors> Jon Foster </actors>
<actors> Arlen Escarpeta </actors>
<director> Will Canon </director>
<writer> Will Canon </writer>
<writer> Doug Simon </writer>
<genre> Crime </genre>
<genre> Drama </genre>
<genre> Thriller </genre>
<info>
<country> USA </country>
<released> 18 Nov 2010 </released>
<year> 2010 </year>
<runtime> 76 min </runtime>
</info>
<rating>
<metascore> 52 </metascore>
<imdbRating> 6.4 </imdbRating>
<imdbVotes> 3519 </imdbVotes>
</rating>
</movie>
<movie imdbID="tt1502404" title="Drive Angry">
<actors> Nicolas Cage </actors>
<actors> Amber Heard </actors>
<actors> William Fichtner </actors>
<actors> Billy Burke </actors>
<director> Patrick Lussier </director>
<writer> Todd Farmer </writer>
<writer> Patrick Lussier </writer>
<genre> Action </genre>
<genre> Fantasy </genre>
<genre> Thriller </genre>
<info>
<country> USA </country>
<released> 25 Feb 2011 </released>
<year> 2011 </year>
<runtime> 104 min </runtime>
</info>
<rating>
<metascore> 44 </metascore>
<imdbRating> 5.5 </imdbRating>
<imdbVotes> 81305 </imdbVotes>
</rating>
</movie>
<movie imdbID="tt0480687" title="Hall Pass">
<actors> Owen Wilson </actors>
<actors> Jason Sudeikis </actors>
<actors> Jenna Fischer </actors>
<actors> Christina Applegate </actors>
<director> Bobby Farrelly </director>
<director> Peter Farrelly </director>
<writer> Pete Jones (screenplay) </writer>
<writer> Peter Farrelly (screenplay) </writer>
<writer> Kevin Barnett (screenplay) </writer>
<writer> Bobby Farrelly (screenplay) </writer>
<writer> Pete Jones (story) </writer>
<genre> Comedy </genre>
<genre> Romance </genre>
<info>
<country> USA </country>
<released> 25 Feb 2011 </released>
<year> 2011 </year>
<runtime> 105 min </runtime>
</info>
<rating>
<metascore> 45 </metascore>
<imdbRating> 5.9 </imdbRating>
<imdbVotes> 103109 </imdbVotes>
</rating>
</movie>
<movie imdbID="tt1588337" title="Of Gods and Men">
<actors> Lambert Wilson </actors>
<actors> Michael Lonsdale </actors>
<actors> Olivier Rabourdin </actors>
<actors> Philippe Laudenbach </actors>
<director> Xavier Beauvois </director>
<writer> Xavier Beauvois (adaptation) </writer>
<writer> Etienne Comar (scenario) </writer>
<genre> Drama </genre>
<info>
<country> France </country>
<released> 25 Mar 2011 </released>
<year> 2010 </year>
<runtime> 122 min </runtime>
</info>
<rating>
<metascore> 86 </metascore>
<imdbRating> 7.2 </imdbRating>
<imdbVotes> 12405 </imdbVotes>
</rating>
</movie>
<movie imdbID="tt1600524" title="Heartbeats">
<actors> Monia Chokri </actors>
<actors> Niels Schneider </actors>
<actors> Xavier Dolan </actors>
<actors> Anne Dorval </actors>
<director> Xavier Dolan </director>
<writer> Xavier Dolan (scenario &amp; dialogue) </writer>
<genre> Drama </genre>
<genre> Romance </genre>
<info>
<country> Canada </country>
<released> 29 Sep 2010 </released>
<year> 2010 </year>
<runtime> 101 min </runtime>
</info>
<rating>
<metascore> 70 </metascore>
<imdbRating> 7.2 </imdbRating>
<imdbVotes> 18479 </imdbVotes>
</rating>
</movie>
<movie imdbID="tt1544600" title="The Grace Card">
<actors> Michael Joiner </actors>
<actors> Michael Higgenbottom </actors>
<actors> Joy Parmer Moore </actors>
<actors> Louis Gossett Jr. </actors>
<director> David G. Evans </director>
<writer> Howard Klausner </writer>
<genre> Drama </genre>
<info>
<country> USA </country>
<released> 25 Feb 2011 </released>
<year> 2010 </year>
<runtime> 101 min </runtime>
</info>
<rating>
<metascore> 43 </metascore>
<imdbRating> 6.4 </imdbRating>
<imdbVotes> 2099 </imdbVotes>
</rating>
</movie>
<movie imdbID="tt1192628" title="Rango">
<actors> Johnny Depp </actors>
<actors> Isla Fisher </actors>
<actors> Abigail Breslin </actors>
<actors> Ned Beatty </actors>
<director> Gore Verbinski </director>
<writer> John Logan </writer>
<writer> John Logan (story) </writer>
<writer> Gore Verbinski (story) </writer>
<writer> James Ward Byrkit (story) </writer>
<genre> Animation </genre>
<genre> Adventure </genre>
<genre> Comedy </genre>
<info>
<country> USA </country>
<released> 04 Mar 2011 </released>
<year> 2011 </year>
<runtime> 107 min </runtime>
</info>
<rating>
<metascore> 75 </metascore>
<imdbRating> 7.2 </imdbRating>
<imdbVotes> 182807 </imdbVotes>
</rating>
</movie>
<movie imdbID="tt1385826" title="The Adjustment Bureau">
<actors> Matt Damon </actors>
<actors> Emily Blunt </actors>
<actors> Lisa Thoreson </actors>
<actors> Florence Kastriner </actors>
<director> George Nolfi </director>
<writer> George Nolfi (screenplay) </writer>
<writer> Philip K. Dick (short story &amp;quot;Adjustment Team&amp;quot;) </writer>
<genre> Romance </genre>
<genre> Sci-Fi </genre>
<genre> Thriller </genre>
<info>
<country> USA </country>
<released> 04 Mar 2011 </released>
<year> 2011 </year>
<runtime> 106 min </runtime>
</info>
<rating>
<metascore> 60 </metascore>
<imdbRating> 7.1 </imdbRating>
<imdbVotes> 199689 </imdbVotes>
</rating>
</movie>
<movie imdbID="tt0810922" title="Take Me Home Tonight">
<actors> Topher Grace </actors>
<actors> Anna Faris </actors>
<actors> Dan Fogler </actors>
<actors> Teresa Palmer </actors>
<director> Michael Dowse </director>
<writer> Jackie Filgo (screenplay) </writer>
<writer> Jeff Filgo (screenplay) </writer>
<writer> Topher Grace (story) </writer>
<writer> Gordon Kaywin (story) </writer>
<genre> Comedy </genre>
<genre> Drama </genre>
<genre> Romance </genre>
<info>
<country> USA </country>
<country> Germany </country>
<released> 04 Mar 2011 </released>
<year> 2011 </year>
<runtime> 97 min </runtime>
</info>
<rating>
<metascore> 42 </metascore>
<imdbRating> 6.3 </imdbRating>
<imdbVotes> 43528 </imdbVotes>
</rating>
</movie>
<movie imdbID="tt0873886" title="Red State">
<actors> Michael Angarano </actors>
<actors> Deborah Aquila </actors>
<actors> Nicholas Braun </actors>
<actors> Ronnie Connell </actors>
<director> Kevin Smith </director>
<writer> Kevin Smith </writer>
<genre> Action </genre>
<genre> Crime </genre>
<genre> Horror </genre>
<info>
<country> USA </country>
<released> 30 Sep 2011 </released>
<year> 2011 </year>
<runtime> 88 min </runtime>
</info>
<rating>
<metascore> 50 </metascore>
<imdbRating> 6.2 </imdbRating>
<imdbVotes> 52856 </imdbVotes>
</rating>
</movie>
<movie imdbID="tt1152398" title="Beastly">
<actors> Alex Pettyfer </actors>
<actors> Justin Bradley </actors>
<actors> Mary-Kate Olsen </actors>
<actors> Dakota Johnson </actors>
<director> Daniel Barnz </director>
<writer> Daniel Barnz (screenplay) </writer>
<writer> Alex Flinn (novel) </writer>
<genre> Drama </genre>
<genre> Fantasy </genre>
<genre> Romance </genre>
<info>
<country> USA </country>
<released> 04 Mar 2011 </released>
<year> 2011 </year>
<runtime> 86 min </runtime>
</info>
<rating>
<metascore> 40 </metascore>
<imdbRating> 5.6 </imdbRating>
<imdbVotes> 64036 </imdbVotes>
</rating>
</movie>
<movie imdbID="tt1481572" title="Happythankyoumoreplease">
<actors> Malin Akerman </actors>
<actors> Michael Algieri </actors>
<actors> Bram Barouh </actors>
<actors> Dana Barron </actors>
<director> Josh Radnor </director>
<writer> Josh Radnor (screenplay) </writer>
<genre> Comedy </genre>
<genre> Drama </genre>
<genre> Romance </genre>
<info>
<country> USA </country>
<released> 03 Mar 2011 </released>
<year> 2010 </year>
<runtime> 100 min </runtime>
</info>
<rating>
<metascore> 45 </metascore>
<imdbRating> 6.8 </imdbRating>
<imdbVotes> 25810 </imdbVotes>
</rating>
</movie>
<movie imdbID="tt1588895" title="Uncle Boonmee Who Can Recall His Past Lives">
<actors> Thanapat Saisaymar </actors>
<actors> Jenjira Pongpas </actors>
<actors> Sakda Kaewbuadee </actors>
<actors> Natthakarn Aphaiwonk </actors>
<director> Apichatpong Weerasethakul </director>
<writer> Phra Sripariyattiweti (inspired by the book of) </writer>
<writer> Apichatpong Weerasethakul </writer>
<genre> Comedy </genre>
<genre> Drama </genre>
<genre> Fantasy </genre>
<info>
<country> Thailand </country>
<country> UK </country>
<country> France </country>
<country> Germany </country>
<country> Spain </country>
<country> Netherlands </country>
<released> 01 Sep 2010 </released>
<year> 2010 </year>
<runtime> 114 min </runtime>
</info>
<rating>
<metascore> 87 </metascore>
<imdbRating> 6.6 </imdbRating>
<imdbVotes> 9167 </imdbVotes>
</rating>
</movie>
<movie imdbID="tt1588170" title="I Saw the Devil">
<actors> Byung-hun Lee </actors>
<actors> Min-sik Choi </actors>
<actors> In-seo Kim </actors>
<actors> Ho-jin Chun </actors>
<director> Jee-woon Kim </director>
<writer> Jee-woon Kim (adaptation) </writer>
<writer> Hoon-jung Park (screenplay) </writer>
<genre> Action </genre>
<genre> Crime </genre>
<genre> Drama </genre>
<info>
<country> South Korea </country>
<released> 12 Aug 2010 </released>
<year> 2010 </year>
<runtime> 141 min </runtime>
</info>
<rating>
<metascore> 67 </metascore>
<imdbRating> 7.8 </imdbRating>
<imdbVotes> 70836 </imdbVotes>
</rating>
</movie>
<movie imdbID="tt1479668" title="Abel">
<actors> Christopher Ruíz-Esparza </actors>
<actors> José María Yazpik </actors>
<actors> Karina Gidi </actors>
<actors> Carlos Aragón </actors>
<director> Diego Luna </director>
<writer> Augusto Mendoza </writer>
<writer> Diego Luna </writer>
<genre> Comedy </genre>
<genre> Drama </genre>
<info>
<country> Mexico </country>
<released> 04 Mar 2011 </released>
<year> 2010 </year>
<runtime> 82 min </runtime>
</info>
<rating>
<metascore> N/A </metascore>
<imdbRating> 6.9 </imdbRating>
<imdbVotes> 1160 </imdbVotes>
</rating>
</movie>
<movie imdbID="tt1217613" title="Battle Los Angeles">
<actors> Aaron Eckhart </actors>
<actors> Ramon Rodriguez </actors>
<actors> Will Rothhaar </actors>
<actors> Cory Hardrict </actors>
<director> Jonathan Liebesman </director>
<writer> Christopher Bertolini </writer>
<genre> Action </genre>
<genre> Sci-Fi </genre>
<info>
<country> USA </country>
<released> 11 Mar 2011 </released>
<year> 2011 </year>
<runtime> 116 min </runtime>
</info>
<rating>
<metascore> 37 </metascore>
<imdbRating> 5.8 </imdbRating>
<imdbVotes> 154770 </imdbVotes>
</rating>
</movie>
<movie imdbID="tt1229822" title="Jane Eyre">
<actors> Mia Wasikowska </actors>
<actors> Jamie Bell </actors>
<actors> Su Elliot </actors>
<actors> Holliday Grainger </actors>
<director> Cary Joji Fukunaga </director>
<writer> Charlotte Brontë (novel) </writer>
<writer> Moira Buffini (screenplay) </writer>
<genre> Drama </genre>
<genre> Romance </genre>
<info>
<country> UK </country>
<country> USA </country>
<released> 22 Apr 2011 </released>
<year> 2011 </year>
<runtime> 120 min </runtime>
</info>
<rating>
<metascore> 76 </metascore>
<imdbRating> 7.4 </imdbRating>
<imdbVotes> 63118 </imdbVotes>
</rating>
</movie>
<movie imdbID="tt1486185" title="Red Riding Hood">
<actors> Amanda Seyfried </actors>
<actors> Gary Oldman </actors>
<actors> Billy Burke </actors>
<actors> Shiloh Fernandez </actors>
<director> Catherine Hardwicke </director>
<writer> David Leslie Johnson </writer>
<genre> Fantasy </genre>
<genre> Horror </genre>
<genre> Mystery </genre>
<info>
<country> USA </country>
<country> Canada </country>
<released> 11 Mar 2011 </released>
<year> 2011 </year>
<runtime> 100 min </runtime>
</info>
<rating>
<metascore> 29 </metascore>
<imdbRating> 5.4 </imdbRating>
<imdbVotes> 91007 </imdbVotes>
</rating>
</movie>
<movie imdbID="tt1305591" title="Mars Needs Moms">
<actors> Seth Green </actors>
<actors> Dan Fogler </actors>
<actors> Joan Cusack </actors>
<actors> Elisabeth Harnois </actors>
<director> Simon Wells </director>
<writer> Simon Wells (screenplay) </writer>
<writer> Wendy Wells (screenplay) </writer>
<writer> Berkeley Breathed (book) </writer>
<genre> Animation </genre>
<genre> Action </genre>
<genre> Adventure </genre>
<info>
<country> USA </country>
<released> 11 Mar 2011 </released>
<year> 2011 </year>
<runtime> 88 min </runtime>
</info>
<rating>
<metascore> 49 </metascore>
<imdbRating> 5.4 </imdbRating>
<imdbVotes> 17567 </imdbVotes>
</rating>
</movie>
<movie imdbID="tt1020773" title="Certified Copy">
<actors> Juliette Binoche </actors>
<actors> William Shimell </actors>
<actors> Jean-Claude Carrière </actors>
<actors> Agathe Natanson </actors>
<director> Abbas Kiarostami </director>
<writer> Caroline Eliacheff (collaborator on screenplay) </writer>
<writer> Abbas Kiarostami </writer>
<genre> Drama </genre>
<info>
<country> France </country>
<country> Italy </country>
<country> Belgium </country>
<country> Iran </country>
<released> 25 Mar 2011 </released>
<year> 2010 </year>
<runtime> 106 min </runtime>
</info>
<rating>
<metascore> 82 </metascore>
<imdbRating> 7.2 </imdbRating>
<imdbVotes> 14420 </imdbVotes>
</rating>
</movie>
<movie imdbID="tt1181791" title="Black Death">
<actors> Sean Bean </actors>
<actors> Eddie Redmayne </actors>
<actors> John Lynch </actors>
<actors> Tim McInnerny </actors>
<director> Christopher Smith </director>
<writer> Dario Poloni (screenplay) </writer>
<genre> Action </genre>
<genre> Adventure </genre>
<genre> Drama </genre>
<info>
<country> Germany </country>
<country> UK </country>
<released> 11 Jun 2010 </released>
<year> 2010 </year>
<runtime> 102 min </runtime>
</info>
<rating>
<metascore> 71 </metascore>
<imdbRating> 6.4 </imdbRating>
<imdbVotes> 35682 </imdbVotes>
</rating>
</movie>
<movie imdbID="tt1416801" title="Kill the Irishman">
<actors> Ray Stevenson </actors>
<actors> Vincent D'Onofrio </actors>
<actors> Val Kilmer </actors>
<actors> Christopher Walken </actors>
<director> Jonathan Hensleigh </director>
<writer> Jonathan Hensleigh (screenplay) </writer>
<writer> Jeremy Walters (screenplay) </writer>
<writer> Rick Porrello (book) </writer>
<genre> Biography </genre>
<genre> Crime </genre>
<genre> Drama </genre>
<info>
<country> USA </country>
<released> 11 May 2012 </released>
<year> 2011 </year>
<runtime> 106 min </runtime>
</info>
<rating>
<metascore> 50 </metascore>
<imdbRating> 7.2 </imdbRating>
<imdbVotes> 35364 </imdbVotes>
</rating>
</movie>
<movie imdbID="tt1219289" title="Limitless">
<actors> Bradley Cooper </actors>
<actors> Robert De Niro </actors>
<actors> Abbie Cornish </actors>
<actors> Andrew Howard </actors>
<director> Neil Burger </director>
<writer> Leslie Dixon (screenplay) </writer>
<writer> Alan Glynn (novel) </writer>
<genre> Mystery </genre>
<genre> Sci-Fi </genre>
<genre> Thriller </genre>
<info>
<country> USA </country>
<released> 18 Mar 2011 </released>
<year> 2011 </year>
<runtime> 105 min </runtime>
</info>
<rating>
<metascore> 59 </metascore>
<imdbRating> 7.4 </imdbRating>
<imdbVotes> 418360 </imdbVotes>
</rating>
</movie>
<movie imdbID="tt1092026" title="Paul">
<actors> Mia Stallard </actors>
<actors> Simon Pegg </actors>
<actors> Nick Frost </actors>
<actors> Jeremy Owen </actors>
<director> Greg Mottola </director>
<writer> Simon Pegg </writer>
<writer> Nick Frost </writer>
<genre> Adventure </genre>
<genre> Comedy </genre>
<genre> Sci-Fi </genre>
<info>
<country> USA </country>
<country> UK </country>
<released> 18 Mar 2011 </released>
<year> 2011 </year>
<runtime> 104 min </runtime>
</info>
<rating>
<metascore> 57 </metascore>
<imdbRating> 7.0 </imdbRating>
<imdbVotes> 191928 </imdbVotes>
</rating>
</movie>
<movie imdbID="tt1189340" title="The Lincoln Lawyer">
<actors> Matthew McConaughey </actors>
<actors> Marisa Tomei </actors>
<actors> Ryan Phillippe </actors>
<actors> William H. Macy </actors>
<director> Brad Furman </director>
<writer> John Romano (screenplay) </writer>
<writer> Michael Connelly (novel) </writer>
<genre> Crime </genre>
<genre> Drama </genre>
<genre> Thriller </genre>
<info>
<country> USA </country>
<released> 18 Mar 2011 </released>
<year> 2011 </year>
<runtime> 118 min </runtime>
</info>
<rating>
<metascore> 63 </metascore>
<imdbRating> 7.3 </imdbRating>
<imdbVotes> 173517 </imdbVotes>
</rating>
</movie>
<movie imdbID="tt0978764" title="Sucker Punch">
<actors> Emily Browning </actors>
<actors> Abbie Cornish </actors>
<actors> Jena Malone </actors>
<actors> Vanessa Hudgens </actors>
<director> Zack Snyder </director>
<writer> Zack Snyder (screenplay) </writer>
<writer> Steve Shibuya (screenplay) </writer>
<writer> Zack Snyder (story) </writer>
<genre> Action </genre>
<genre> Fantasy </genre>
<info>
<country> USA </country>
<country> Canada </country>
<released> 25 Mar 2011 </released>
<year> 2011 </year>
<runtime> 110 min </runtime>
</info>
<rating>
<metascore> 33 </metascore>
<imdbRating> 6.1 </imdbRating>
<imdbVotes> 197346 </imdbVotes>
</rating>
</movie>
<movie imdbID="tt1650043" title="Diary of a Wimpy Kid: Rodrick Rules">
<actors> Zachary Gordon </actors>
<actors> Devon Bostick </actors>
<actors> Rachael Harris </actors>
<actors> Robert Capron </actors>
<director> David Bowers </director>
<writer> Gabe Sachs (screenplay) </writer>
<writer> Jeff Judah (screenplay) </writer>
<writer> Jeff Kinney (book) </writer>
<genre> Comedy </genre>
<genre> Family </genre>
<info>
<country> USA </country>
<released> 25 Mar 2011 </released>
<year> 2011 </year>
<runtime> 99 min </runtime>
</info>
<rating>
<metascore> 51 </metascore>
<imdbRating> 6.6 </imdbRating>
<imdbVotes> 18720 </imdbVotes>
</rating>
</movie>
<movie imdbID="tt1366409" title="Miral">
<actors> Hiam Abbass </actors>
<actors> Asma Al Shiukhy </actors>
<actors> Neemeh Khalil </actors>
<actors> Jamil Khoury </actors>
<director> Julian Schnabel </director>
<writer> Rula Jebreal (scenario) </writer>
<writer> Rula Jebreal (novel) </writer>
<genre> Drama </genre>
<genre> History </genre>
<info>
<country> France </country>
<country> Israel </country>
<country> Italy </country>
<country> India </country>
<released> 03 Sep 2010 </released>
<year> 2010 </year>
<runtime> 112 min </runtime>
</info>
<rating>
<metascore> 45 </metascore>
<imdbRating> 6.3 </imdbRating>
<imdbVotes> 2777 </imdbVotes>
</rating>
</movie>
<movie imdbID="tt1521848" title="Potiche">
<actors> Catherine Deneuve </actors>
<actors> Gérard Depardieu </actors>
<actors> Fabrice Luchini </actors>
<actors> Karin Viard </actors>
<director> François Ozon </director>
<writer> François Ozon (scenario) </writer>
<writer> Pierre Barillet (play) </writer>
<writer> Jean-Pierre Grédy (play) </writer>
<genre> Comedy </genre>
<info>
<country> France </country>
<released> 15 Apr 2011 </released>
<year> 2010 </year>
<runtime> 103 min </runtime>
</info>
<rating>
<metascore> 68 </metascore>
<imdbRating> 6.4 </imdbRating>
<imdbVotes> 8286 </imdbVotes>
</rating>
</movie>
<movie imdbID="tt1103273" title="Peep World">
<actors> Lewis Black </actors>
<actors> Ron Rifkin </actors>
<actors> Rainn Wilson </actors>
<actors> Taraji P. Henson </actors>
<director> Barry W. Blaustein </director>
<writer> Peter Himmelstein </writer>
<genre> Comedy </genre>
<genre> Drama </genre>
<info>
<country> USA </country>
<released> 25 Mar 2011 </released>
<year> 2010 </year>
<runtime> 79 min </runtime>
</info>
<rating>
<metascore> 27 </metascore>
<imdbRating> 5.6 </imdbRating>
<imdbVotes> 3220 </imdbVotes>
</rating>
</movie>
<movie imdbID="tt1550524" title="White Irish Drinkers">
<actors> Nick Thurston </actors>
<actors> Geoffrey Wigdor </actors>
<actors> Karen Allen </actors>
<actors> Stephen Lang </actors>
<director> John Gray </director>
<writer> John Gray </writer>
<genre> Drama </genre>
<info>
<country> USA </country>
<released> 25 Mar 2011 </released>
<year> 2010 </year>
<runtime> 109 min </runtime>
</info>
<rating>
<metascore> 51 </metascore>
<imdbRating> 6.9 </imdbRating>
<imdbVotes> 1564 </imdbVotes>
</rating>
</movie>
<movie imdbID="tt0945513" title="Source Code">
<actors> Jake Gyllenhaal </actors>
<actors> Michelle Monaghan </actors>
<actors> Vera Farmiga </actors>
<actors> Jeffrey Wright </actors>
<director> Duncan Jones </director>
<writer> Ben Ripley </writer>
<genre> Mystery </genre>
<genre> Sci-Fi </genre>
<genre> Thriller </genre>
<info>
<country> USA </country>
<country> Canada </country>
<released> 01 Apr 2011 </released>
<year> 2011 </year>
<runtime> 93 min </runtime>
</info>
<rating>
<metascore> 74 </metascore>
<imdbRating> 7.5 </imdbRating>
<imdbVotes> 379431 </imdbVotes>
</rating>
</movie>
<movie imdbID="tt1591095" title="Insidious">
<actors> Patrick Wilson </actors>
<actors> Rose Byrne </actors>
<actors> Ty Simpkins </actors>
<actors> Lin Shaye </actors>
<director> James Wan </director>
<writer> Leigh Whannell </writer>
<genre> Fantasy </genre>
<genre> Horror </genre>
<genre> Mystery </genre>
<info>
<country> USA </country>
<country> UK </country>
<released> 01 Apr 2011 </released>
<year> 2010 </year>
<runtime> 103 min </runtime>
</info>
<rating>
<metascore> 52 </metascore>
<imdbRating> 6.8 </imdbRating>
<imdbVotes> 202347 </imdbVotes>
</rating>
</movie>
<movie imdbID="tt1512235" title="Super">
<actors> Rainn Wilson </actors>
<actors> Ellen Page </actors>
<actors> Liv Tyler </actors>
<actors> Kevin Bacon </actors>
<director> James Gunn </director>
<writer> James Gunn </writer>
<genre> Comedy </genre>
<genre> Crime </genre>
<genre> Drama </genre>
<info>
<country> USA </country>
<released> 10 Jun 2011 </released>
<year> 2010 </year>
<runtime> 96 min </runtime>
</info>
<rating>
<metascore> 50 </metascore>
<imdbRating> 6.8 </imdbRating>
<imdbVotes> 61336 </imdbVotes>
</rating>
</movie>
<movie imdbID="tt1411704" title="Hop">
<actors> James Marsden </actors>
<actors> Russell Brand </actors>
<actors> Kaley Cuoco </actors>
<actors> Hank Azaria </actors>
<director> Tim Hill </director>
<writer> Cinco Paul (screenplay) </writer>
<writer> Ken Daurio (screenplay) </writer>
<writer> Brian Lynch (screenplay) </writer>
<writer> Cinco Paul (story) </writer>
<writer> Ken Daurio (story) </writer>
<genre> Animation </genre>
<genre> Adventure </genre>
<genre> Comedy </genre>
<info>
<country> USA </country>
<released> 01 Apr 2011 </released>
<year> 2011 </year>
<runtime> 95 min </runtime>
</info>
<rating>
<metascore> 41 </metascore>
<imdbRating> 5.5 </imdbRating>
<imdbVotes> 24079 </imdbVotes>
</rating>
</movie>
<movie imdbID="tt1340107" title="In a Better World">
<actors> Mikael Persbrandt </actors>
<actors> Wil Johnson </actors>
<actors> Eddy Kimani </actors>
<actors> Emily Mulaya </actors>
<director> Susanne Bier </director>
<writer> Anders Thomas Jensen (screenplay) </writer>
<writer> Susanne Bier (story) </writer>
<writer> Anders Thomas Jensen (story) </writer>
<writer> Per Nielsen (supervising writer) </writer>
<genre> Drama </genre>
<genre> Romance </genre>
<info>
<country> Denmark </country>
<country> Sweden </country>
<released> 26 Aug 2010 </released>
<year> 2010 </year>
<runtime> 119 min </runtime>
</info>
<rating>
<metascore> 65 </metascore>
<imdbRating> 7.7 </imdbRating>
<imdbVotes> 32747 </imdbVotes>
</rating>
</movie>
<movie imdbID="tt1446147" title="Cat Run">
<actors> Paz Vega </actors>
<actors> Janet McTeer </actors>
<actors> Alphonso McAuley </actors>
<actors> Scott Mechlowicz </actors>
<director> John Stockwell </director>
<writer> Nick Ball </writer>
<writer> John Niven </writer>
<genre> Action </genre>
<genre> Comedy </genre>
<info>
<country> USA </country>
<released> 01 Apr 2011 </released>
<year> 2011 </year>
<runtime> 102 min </runtime>
</info>
<rating>
<metascore> 33 </metascore>
<imdbRating> 5.6 </imdbRating>
<imdbVotes> 4463 </imdbVotes>
</rating>
</movie>
<movie imdbID="tt1612774" title="Rubber">
<actors> Stephen Spinella </actors>
<actors> Jack Plotnick </actors>
<actors> Wings Hauser </actors>
<actors> Roxane Mesquida </actors>
<director> Quentin Dupieux </director>
<writer> Quentin Dupieux </writer>
<genre> Comedy </genre>
<genre> Fantasy </genre>
<genre> Horror </genre>
<info>
<country> France </country>
<country> Angola </country>
<released> 10 Nov 2010 </released>
<year> 2010 </year>
<runtime> 82 min </runtime>
</info>
<rating>
<metascore> 59 </metascore>
<imdbRating> 5.8 </imdbRating>
<imdbVotes> 26115 </imdbVotes>
</rating>
</movie>
<movie imdbID="tt1529572" title="Trust">
<actors> Clive Owen </actors>
<actors> Catherine Keener </actors>
<actors> Liana Liberato </actors>
<actors> Jason Clarke </actors>
<director> David Schwimmer </director>
<writer> Andy Bellin </writer>
<writer> Robert Festinger </writer>
<genre> Crime </genre>
<genre> Drama </genre>
<genre> Thriller </genre>
<info>
<country> USA </country>
<released> 28 Apr 2011 </released>
<year> 2010 </year>
<runtime> 106 min </runtime>
</info>
<rating>
<metascore> 60 </metascore>
<imdbRating> 7.0 </imdbRating>
<imdbVotes> 34226 </imdbVotes>
</rating>
</movie>
<movie imdbID="tt1240982" title="Your Highness">
<actors> Danny McBride </actors>
<actors> James Franco </actors>
<actors> Rasmus Hardiker </actors>
<actors> Natalie Portman </actors>
<director> David Gordon Green </director>
<writer> Danny McBride </writer>
<writer> Ben Best </writer>
<genre> Adventure </genre>
<genre> Comedy </genre>
<genre> Fantasy </genre>
<info>
<country> USA </country>
<released> 08 Apr 2011 </released>
<year> 2011 </year>
<runtime> 102 min </runtime>
</info>
<rating>
<metascore> 31 </metascore>
<imdbRating> 5.6 </imdbRating>
<imdbVotes> 85244 </imdbVotes>
</rating>
</movie>
<movie imdbID="tt0993842" title="Hanna">
<actors> Saoirse Ronan </actors>
<actors> Eric Bana </actors>
<actors> Vicky Krieps </actors>
<actors> Cate Blanchett </actors>
<director> Joe Wright </director>
<writer> Seth Lochhead (screenplay) </writer>
<writer> David Farr (screenplay) </writer>
<writer> Seth Lochhead (story) </writer>
<genre> Action </genre>
<genre> Drama </genre>
<genre> Thriller </genre>
<info>
<country> USA </country>
<country> UK </country>
<country> Germany </country>
<released> 08 Apr 2011 </released>
<year> 2011 </year>
<runtime> 111 min </runtime>
</info>
<rating>
<metascore> 65 </metascore>
<imdbRating> 6.8 </imdbRating>
<imdbVotes> 159011 </imdbVotes>
</rating>
</movie>
<movie imdbID="tt1334512" title="Arthur">
<actors> Russell Brand </actors>
<actors> Helen Mirren </actors>
<actors> Greta Gerwig </actors>
<actors> Jennifer Garner </actors>
<director> Jason Winer </director>
<writer> Peter Baynham (screenplay) </writer>
<writer> Steve Gordon (story) </writer>
<genre> Comedy </genre>
<genre> Romance </genre>
<info>
<country> USA </country>
<released> 08 Apr 2011 </released>
<year> 2011 </year>
<runtime> 110 min </runtime>
</info>
<rating>
<metascore> 36 </metascore>
<imdbRating> 5.7 </imdbRating>
<imdbVotes> 45553 </imdbVotes>
</rating>
</movie>
<movie imdbID="tt1680059" title="Born to Be Wild">
<actors> Morgan Freeman </actors>
<actors> Birute Galdikas </actors>
<actors> Daphne Sheldrick </actors>
<director> David Lickley </director>
<writer> Drew Fellman </writer>
<genre> Documentary </genre>
<genre> Short </genre>
<genre> Adventure </genre>
<info>
<country> USA </country>
<released> 08 Apr 2011 </released>
<year> 2011 </year>
<runtime> 40 min </runtime>
</info>
<rating>
<metascore> 66 </metascore>
<imdbRating> 7.6 </imdbRating>
<imdbVotes> 2533 </imdbVotes>
</rating>
</movie>
<movie imdbID="tt1596346" title="Soul Surfer">
<actors> AnnaSophia Robb </actors>
<actors> Helen Hunt </actors>
<actors> Dennis Quaid </actors>
<actors> Carrie Underwood </actors>
<director> Sean McNamara </director>
<writer> Sean McNamara (screenplay) </writer>
<writer> Deborah Schwartz (screenplay) </writer>
<writer> Douglas Schwartz (screenplay) </writer>
<writer> Michael Berk (screenplay) </writer>
<writer> Sean McNamara (screen story) </writer>
<writer> Deborah Schwartz (screen story) </writer>
<writer> Douglas Schwartz (screen story) </writer>
<writer> Michael Berk (screen story) </writer>
<writer> Matt Allen (screen story) </writer>
<writer> Caleb Wilson (screen story) </writer>
<writer> Brad Gann (screen story) </writer>
<writer> Bethany Hamilton (book) </writer>
<writer> Sheryl Berk (book) </writer>
<writer> Rick Bundschuh (book) </writer>
<genre> Biography </genre>
<genre> Drama </genre>
<genre> Family </genre>
<info>
<country> USA </country>
<released> 08 Apr 2011 </released>
<year> 2011 </year>
<runtime> 106 min </runtime>
</info>
<rating>
<metascore> 53 </metascore>
<imdbRating> 7.1 </imdbRating>
<imdbVotes> 35515 </imdbVotes>
</rating>
</movie>
<movie imdbID="tt1518812" title="Meek's Cutoff">
<actors> Michelle Williams </actors>
<actors> Bruce Greenwood </actors>
<actors> Will Patton </actors>
<actors> Zoe Kazan </actors>
<director> Kelly Reichardt </director>
<writer> Jonathan Raymond (screenplay) </writer>
<genre> Drama </genre>
<genre> Western </genre>
<info>
<country> USA </country>
<released> 15 Apr 2011 </released>
<year> 2010 </year>
<runtime> 104 min </runtime>
</info>
<rating>
<metascore> 85 </metascore>
<imdbRating> 6.5 </imdbRating>
<imdbVotes> 8126 </imdbVotes>
</rating>
</movie>
<movie imdbID="tt1341341" title="Ceremony">
<actors> Michael Angarano </actors>
<actors> Uma Thurman </actors>
<actors> Reece Thompson </actors>
<actors> Lee Pace </actors>
<director> Max Winkler </director>
<writer> Max Winkler </writer>
<genre> Comedy </genre>
<genre> Romance </genre>
<info>
<country> USA </country>
<released> 16 Jun 2011 </released>
<year> 2010 </year>
<runtime> 89 min </runtime>
</info>
<rating>
<metascore> 40 </metascore>
<imdbRating> 5.6 </imdbRating>
<imdbVotes> 3607 </imdbVotes>
</rating>
</movie>
<movie imdbID="tt1262416" title="Scream 4">
<actors> Lucy Hale </actors>
<actors> Roger Jackson </actors>
<actors> Shenae Grimes-Beech </actors>
<actors> Dane Farwell </actors>
<director> Wes Craven </director>
<writer> Kevin Williamson </writer>
<genre> Horror </genre>
<genre> Mystery </genre>
<info>
<country> USA </country>
<released> 15 Apr 2011 </released>
<year> 2011 </year>
<runtime> 111 min </runtime>
</info>
<rating>
<metascore> 52 </metascore>
<imdbRating> 6.2 </imdbRating>
<imdbVotes> 103968 </imdbVotes>
</rating>
</movie>
<movie imdbID="tt1436562" title="Rio">
<actors> Karen Disher </actors>
<actors> Jason Fricchione </actors>
<actors> Sofia Scarpa Saldanha </actors>
<actors> Leslie Mann </actors>
<director> Carlos Saldanha </director>
<writer> Carlos Saldanha (story) </writer>
<writer> Earl Richey Jones (story) </writer>
<writer> Todd R. Jones (story) </writer>
<writer> Don Rhymer (screenplay) </writer>
<writer> Joshua Sternin (screenplay) </writer>
<writer> Jennifer Ventimilia (screenplay) </writer>
<writer> Sam Harper (screenplay) </writer>
<genre> Animation </genre>
<genre> Adventure </genre>
<genre> Comedy </genre>
<info>
<country> USA </country>
<released> 15 Apr 2011 </released>
<year> 2011 </year>
<runtime> 96 min </runtime>
</info>
<rating>
<metascore> 63 </metascore>
<imdbRating> 7.0 </imdbRating>
<imdbVotes> 164953 </imdbVotes>
</rating>
</movie>
<movie imdbID="tt1220888" title="Henry's Crime">
<actors> Keanu Reeves </actors>
<actors> Judy Greer </actors>
<actors> Fisher Stevens </actors>
<actors> Danny Hoch </actors>
<director> Malcolm Venville </director>
<writer> Sacha Gervasi (screenplay) </writer>
<writer> David N. White (screenplay) </writer>
<writer> Stephen Hamel (story) </writer>
<writer> Sacha Gervasi (story) </writer>
<genre> Comedy </genre>
<genre> Crime </genre>
<genre> Drama </genre>
<info>
<country> USA </country>
<released> 14 Jan 2011 </released>
<year> 2010 </year>
<runtime> 108 min </runtime>
</info>
<rating>
<metascore> 49 </metascore>
<imdbRating> 6.0 </imdbRating>
<imdbVotes> 15458 </imdbVotes>
</rating>
</movie>
<movie imdbID="tt0968264" title="The Conspirator">
<actors> James McAvoy </actors>
<actors> Robin Wright </actors>
<actors> Kevin Kline </actors>
<actors> Evan Rachel Wood </actors>
<director> Robert Redford </director>
<writer> James D. Solomon </writer>
<writer> James D. Solomon (story) </writer>
<writer> Gregory Bernstein (story) </writer>
<genre> Crime </genre>
<genre> Drama </genre>
<genre> History </genre>
<info>
<country> USA </country>
<released> 15 Apr 2011 </released>
<year> 2010 </year>
<runtime> 122 min </runtime>
</info>
<rating>
<metascore> 55 </metascore>
<imdbRating> 7.0 </imdbRating>
<imdbVotes> 23665 </imdbVotes>
</rating>
</movie>
<movie imdbID="tt1067583" title="Water for Elephants">
<actors> Reese Witherspoon </actors>
<actors> Robert Pattinson </actors>
<actors> Christoph Waltz </actors>
<actors> Paul Schneider </actors>
<director> Francis Lawrence </director>
<writer> Richard LaGravenese (screenplay) </writer>
<writer> Sara Gruen (novel) </writer>
<genre> Drama </genre>
<genre> Romance </genre>
<info>
<country> USA </country>
<released> 22 Apr 2011 </released>
<year> 2011 </year>
<runtime> 120 min </runtime>
</info>
<rating>
<metascore> 52 </metascore>
<imdbRating> 6.9 </imdbRating>
<imdbVotes> 95307 </imdbVotes>
</rating>
</movie>
<movie imdbID="tt1787759" title="Madea's Big Happy Family">
<actors> Tyler Perry </actors>
<actors> Loretta Devine </actors>
<actors> Cassi Davis </actors>
<actors> Shannon Kane </actors>
<director> Tyler Perry </director>
<writer> Tyler Perry (screenplay) </writer>
<genre> Comedy </genre>
<genre> Drama </genre>
<info>
<country> USA </country>
<released> 22 Apr 2011 </released>
<year> 2011 </year>
<runtime> 106 min </runtime>
</info>
<rating>
<metascore> 45 </metascore>
<imdbRating> 4.5 </imdbRating>
<imdbVotes> 6078 </imdbVotes>
</rating>
</movie>
<movie imdbID="tt1743720" title="The Greatest Movie Ever Sold">
<actors> J.J. Abrams </actors>
<actors> Peter Berg </actors>
<actors> Paul Brennan </actors>
<actors> Noam Chomsky </actors>
<director> Morgan Spurlock </director>
<writer> Jeremy Chilnick </writer>
<writer> Morgan Spurlock </writer>
<genre> Documentary </genre>
<genre> Comedy </genre>
<info>
<country> USA </country>
<released> 24 Aug 2011 </released>
<year> 2011 </year>
<runtime> 90 min </runtime>
</info>
<rating>
<metascore> 66 </metascore>
<imdbRating> 6.6 </imdbRating>
<imdbVotes> 13223 </imdbVotes>
</rating>
</movie>
<movie imdbID="tt1223236" title="African Cats">
<actors> Samuel L. Jackson </actors>
<actors> Patrick Stewart </actors>
<director> Alastair Fothergill </director>
<director> Keith Scholey </director>
<writer> Keith Scholey </writer>
<writer> John Truby </writer>
<genre> Documentary </genre>
<genre> Adventure </genre>
<info>
<country> USA </country>
<released> 22 Apr 2011 </released>
<year> 2011 </year>
<runtime> 89 min </runtime>
</info>
<rating>
<metascore> 61 </metascore>
<imdbRating> 7.6 </imdbRating>
<imdbVotes> 5064 </imdbVotes>
</rating>
</movie>
<movie imdbID="tt1255953" title="Incendies">
<actors> Mustafa Kamel </actors>
<actors> Hussein Sami </actors>
<actors> Rémy Girard </actors>
<actors> Mélissa Désormeaux-Poulin </actors>
<director> Denis Villeneuve </director>
<writer> Denis Villeneuve (scenario) </writer>
<writer> Wajdi Mouawad (play) </writer>
<writer> Valérie Beaugrand-Champagne (collaboration) </writer>
<writer> Denis Villeneuve (dialogue) </writer>
<genre> Drama </genre>
<genre> Mystery </genre>
<genre> War </genre>
<info>
<country> Canada </country>
<country> France </country>
<released> 12 Jan 2011 </released>
<year> 2010 </year>
<runtime> 139 min </runtime>
</info>
<rating>
<metascore> 82 </metascore>
<imdbRating> 8.2 </imdbRating>
<imdbVotes> 80344 </imdbVotes>
</rating>
</movie>
<movie imdbID="tt1464580" title="Stake Land">
<actors> Connor Paolo </actors>
<actors> Gregory Jones </actors>
<actors> Traci Hovel </actors>
<actors> Nick Damici </actors>
<director> Jim Mickle </director>
<writer> Nick Damici </writer>
<writer> Jim Mickle </writer>
<genre> Drama </genre>
<genre> Horror </genre>
<genre> Sci-Fi </genre>
<info>
<country> USA </country>
<released> 17 Jun 2011 </released>
<year> 2010 </year>
<runtime> 98 min </runtime>
</info>
<rating>
<metascore> 66 </metascore>
<imdbRating> 6.5 </imdbRating>
<imdbVotes> 34262 </imdbVotes>
</rating>
</movie>
<movie imdbID="tt1535110" title="When Harry Tries to Marry">
<actors> Rahul Rai </actors>
<actors> Stefanie Estes </actors>
<actors> Freishia Bomanbehram </actors>
<actors> Osvaldo Hernandez </actors>
<director> Nayan Padrai </director>
<writer> Ralph Stein (screenplay) </writer>
<writer> Nayan Padrai (screenplay) </writer>
<genre> Comedy </genre>
<genre> Romance </genre>
<info>
<country> USA </country>
<released> 22 Apr 2011 </released>
<year> 2011 </year>
<runtime> 93 min </runtime>
</info>
<rating>
<metascore> 35 </metascore>
<imdbRating> 4.5 </imdbRating>
<imdbVotes> 559 </imdbVotes>
</rating>
</movie>
<movie imdbID="tt1456661" title="Legend of the Fist: The Return of Chen Zhen">
<actors> Donnie Yen </actors>
<actors> Qi Shu </actors>
<actors> Anthony Chau-Sang Wong </actors>
<actors> Bo Huang </actors>
<director> Wai-Keung Lau </director>
<writer> Gordon Chan (screenplay) </writer>
<writer> Chi-Sing Cheung </writer>
<writer> Koon-nam Lui </writer>
<writer> Frankie Tam </writer>
<genre> Action </genre>
<genre> Drama </genre>
<genre> History </genre>
<info>
<country> Hong Kong </country>
<country> China </country>
<released> 21 Sep 2010 </released>
<year> 2010 </year>
<runtime> 106 min </runtime>
</info>
<rating>
<metascore> 49 </metascore>
<imdbRating> 6.3 </imdbRating>
<imdbVotes> 8143 </imdbVotes>
</rating>
</movie>
<movie imdbID="tt1596343" title="Fast Five">
<actors> Vin Diesel </actors>
<actors> Paul Walker </actors>
<actors> Jordana Brewster </actors>
<actors> Tyrese Gibson </actors>
<director> Justin Lin </director>
<writer> Chris Morgan </writer>
<writer> Gary Scott Thompson (characters) </writer>
<genre> Action </genre>
<genre> Crime </genre>
<genre> Thriller </genre>
<info>
<country> USA </country>
<released> 29 Apr 2011 </released>
<year> 2011 </year>
<runtime> 131 min </runtime>
</info>
<rating>
<metascore> 67 </metascore>
<imdbRating> 7.3 </imdbRating>
<imdbVotes> 284200 </imdbVotes>
</rating>
</movie>
<movie imdbID="tt1604171" title="Prom">
<actors> Aimee Teegarden </actors>
<actors> Thomas McDonell </actors>
<actors> DeVaughn Nixon </actors>
<actors> Danielle Campbell </actors>
<director> Joe Nussbaum </director>
<writer> Katie Wech </writer>
<genre> Comedy </genre>
<genre> Drama </genre>
<info>
<country> USA </country>
<released> 29 Apr 2011 </released>
<year> 2011 </year>
<runtime> 104 min </runtime>
</info>
<rating>
<metascore> 50 </metascore>
<imdbRating> 5.4 </imdbRating>
<imdbVotes> 12713 </imdbVotes>
</rating>
</movie>
<movie imdbID="tt0844993" title="Hoodwinked Too! Hood vs. Evil">
<actors> Hayden Panettiere </actors>
<actors> Glenn Close </actors>
<actors> Patrick Warburton </actors>
<actors> Joan Cusack </actors>
<director> Mike Disa </director>
<writer> Cory Edwards (story) </writer>
<writer> Todd Edwards (story) </writer>
<writer> Tony Leech (story) </writer>
<writer> Cory Edwards (screenplay) </writer>
<writer> Todd Edwards (screenplay) </writer>
<writer> Tony Leech (screenplay) </writer>
<writer> Mike Disa (screenplay) </writer>
<writer> Michael Ludy (punch-up/sketches) </writer>
<genre> Animation </genre>
<genre> Comedy </genre>
<genre> Family </genre>
<info>
<country> USA </country>
<released> 29 Apr 2011 </released>
<year> 2011 </year>
<runtime> 86 min </runtime>
</info>
<rating>
<metascore> 20 </metascore>
<imdbRating> 4.8 </imdbRating>
<imdbVotes> 9638 </imdbVotes>
</rating>
</movie>
<movie imdbID="tt1664894" title="Cave of Forgotten Dreams">
<actors> Werner Herzog </actors>
<actors> Jean Clottes </actors>
<actors> Julien Monney </actors>
<actors> Jean-Michel Geneste </actors>
<director> Werner Herzog </director>
<writer> Werner Herzog </writer>
<genre> Documentary </genre>
<genre> History </genre>
<info>
<country> Canada </country>
<country> USA </country>
<country> France </country>
<country> Germany </country>
<country> UK </country>
<released> 31 Aug 2011 </released>
<year> 2010 </year>
<runtime> 90 min </runtime>
</info>
<rating>
<metascore> 86 </metascore>
<imdbRating> 7.4 </imdbRating>
<imdbVotes> 11308 </imdbVotes>
</rating>
</movie>
<movie imdbID="tt1013860" title="Dylan Dog: Dead of Night">
<actors> Brandon Routh </actors>
<actors> Anita Briem </actors>
<actors> Sam Huntington </actors>
<actors> Taye Diggs </actors>
<director> Kevin Munroe </director>
<writer> Thomas Dean Donnelly </writer>
<writer> Joshua Oppenheimer </writer>
<writer> Tiziano Sclavi (comic book series &amp;quot;Dylan Dog&amp;quot;) </writer>
<genre> Action </genre>
<genre> Comedy </genre>
<genre> Crime </genre>
<info>
<country> USA </country>
<released> 29 Apr 2011 </released>
<year> 2010 </year>
<runtime> 107 min </runtime>
</info>
<rating>
<metascore> 31 </metascore>
<imdbRating> 5.1 </imdbRating>
<imdbVotes> 13012 </imdbVotes>
</rating>
</movie>
<movie imdbID="tt1436045" title="13 Assassins">
<actors> Kôji Yakusho </actors>
<actors> Takayuki Yamada </actors>
<actors> Yûsuke Iseya </actors>
<actors> Ikki Sawamura </actors>
<director> Takashi Miike </director>
<writer> Kaneo Ikegami (based on a screenplay by) </writer>
<writer> Daisuke Tengan (screenplay) </writer>
<genre> Action </genre>
<genre> Adventure </genre>
<genre> Drama </genre>
<info>
<country> Japan </country>
<country> UK </country>
<released> 25 Sep 2010 </released>
<year> 2010 </year>
<runtime> 141 min </runtime>
</info>
<rating>
<metascore> 87 </metascore>
<imdbRating> 7.6 </imdbRating>
<imdbVotes> 50480 </imdbVotes>
</rating>
</movie>
<movie imdbID="tt1270277" title="Sympathy for Delicious">
<actors> Christopher Thornton </actors>
<actors> Mark Ruffalo </actors>
<actors> Juliette Lewis </actors>
<actors> Laura Linney </actors>
<director> Mark Ruffalo </director>
<writer> Christopher Thornton </writer>
<genre> Drama </genre>
<info>
<country> USA </country>
<released> 30 Apr 2011 </released>
<year> 2010 </year>
<runtime> 96 min </runtime>
</info>
<rating>
<metascore> 44 </metascore>
<imdbRating> 5.8 </imdbRating>
<imdbVotes> 1570 </imdbVotes>
</rating>
</movie>
<movie imdbID="tt1339161" title="The Robber">
<actors> Andreas Lust </actors>
<actors> Markus Schleinzer </actors>
<actors> Roman Kettner </actors>
<actors> Hannelore Klauber-Laursen </actors>
<director> Benjamin Heisenberg </director>
<writer> Martin Prinz (novel) </writer>
<writer> Benjamin Heisenberg </writer>
<writer> Martin Prinz </writer>
<genre> Biography </genre>
<genre> Crime </genre>
<genre> Drama </genre>
<info>
<country> Germany </country>
<country> Austria </country>
<released> 29 Apr 2011 </released>
<year> 2010 </year>
<runtime> 101 min </runtime>
</info>
<rating>
<metascore> 65 </metascore>
<imdbRating> 6.8 </imdbRating>
<imdbVotes> 3765 </imdbVotes>
</rating>
</movie>
<movie imdbID="tt0800369" title="Thor">
<actors> Chris Hemsworth </actors>
<actors> Natalie Portman </actors>
<actors> Tom Hiddleston </actors>
<actors> Anthony Hopkins </actors>
<director> Kenneth Branagh </director>
<writer> Ashley Miller (screenplay) </writer>
<writer> Zack Stentz (screenplay) </writer>
<writer> Don Payne (screenplay) </writer>
<writer> J. Michael Straczynski (story) </writer>
<writer> Mark Protosevich (story) </writer>
<writer> Stan Lee (comic book) </writer>
<writer> Larry Lieber (comic book) </writer>
<writer> Jack Kirby (comic book) </writer>
<genre> Action </genre>
<genre> Adventure </genre>
<genre> Fantasy </genre>
<info>
<country> USA </country>
<released> 06 May 2011 </released>
<year> 2011 </year>
<runtime> 115 min </runtime>
</info>
<rating>
<metascore> 57 </metascore>
<imdbRating> 7.0 </imdbRating>
<imdbVotes> 534294 </imdbVotes>
</rating>
</movie>
<movie imdbID="tt0491152" title="Something Borrowed">
<actors> Ginnifer Goodwin </actors>
<actors> Kate Hudson </actors>
<actors> Colin Egglesfield </actors>
<actors> John Krasinski </actors>
<director> Luke Greenfield </director>
<writer> Jennie Snyder Urman (screenplay) </writer>
<writer> Emily Giffin (novel) </writer>
<genre> Comedy </genre>
<genre> Drama </genre>
<genre> Romance </genre>
<info>
<country> USA </country>
<released> 06 May 2011 </released>
<year> 2011 </year>
<runtime> 112 min </runtime>
</info>
<rating>
<metascore> 36 </metascore>
<imdbRating> 5.9 </imdbRating>
<imdbVotes> 47942 </imdbVotes>
</rating>
</movie>
<movie imdbID="tt1640484" title="Jumping the Broom">
<actors> Angela Bassett </actors>
<actors> Paula Patton </actors>
<actors> Laz Alonso </actors>
<actors> Loretta Devine </actors>
<director> Salim Akil </director>
<writer> Elizabeth Hunter (screenplay) </writer>
<writer> Arlene Gibbs (screenplay) </writer>
<writer> Elizabeth Hunter (story) </writer>
<genre> Comedy </genre>
<genre> Drama </genre>
<info>
<country> USA </country>
<released> 06 May 2011 </released>
<year> 2011 </year>
<runtime> 112 min </runtime>
</info>
<rating>
<metascore> 56 </metascore>
<imdbRating> 5.7 </imdbRating>
<imdbVotes> 7915 </imdbVotes>
</rating>
</movie>
</root>
